ID,Confirmed,Deaths
0,515739.8346668747,10573.945939028537
1,63075.305375734984,313.9432539959352
2,842499.7755588121,16997.23242251891
3,330560.3262924688,5635.928694330579
4,3670902.1632703645,59452.634801166634
5,463571.63893560163,6110.454081913568
6,311112.0752764532,7894.595782635123
7,95027.02296387887,1562.8147212796498
8,2062868.2103945294,33506.235003499736
9,1061013.856921792,19106.24364664339
10,30852.153190501354,463.9178355005362
11,180836.00677974755,1963.8894939645768
12,1247151.599314557,23608.001529949306
13,687612.8182705661,13049.16036209216
14,351886.302380784,5755.699064850545
15,304025.37391640415,4876.438494321295
16,427567.93325853004,6133.42204278188
17,445197.4476969425,10152.305585261463
18,50755.57739158298,744.061146489853
19,412723.7816200923,8296.929911709314
20,637808.8429254552,17218.995375241346
21,749146.5631249085,17150.49283717344
22,520889.525922412,6935.1828212494065
23,305434.25725105003,7036.2782665788845
24,582319.0266541064,8862.735570886478
25,104711.37658171724,1439.2716142432926
26,209678.3313825962,2184.583940011142
27,304025.317851011,5257.2493052126765
28,84562.59579059569,1240.3645476655306
29,912896.8543015022,24596.18083905397
30,191859.3753494443,3941.28120781643
31,1880538.595022142,50370.043548945556
32,915080.069779658,12140.410725808806
33,103244.15435395775,1497.8561132036996
34,1019738.8386980694,19042.45279510491
35,440046.32306778536,4967.031654448628
36,165366.64537640856,2387.026278813088
37,1030977.3303638994,25101.08519336764
38,137422.9965806468,2620.7390304208525
39,552445.6579791842,9160.054045595703
40,117964.99329197152,1936.0856388860946
41,812274.9446325786,11919.60901794406
42,2795331.156524656,48273.21631032411
43,386130.62888638116,2127.634546761792
44,19414.4567709334,227.8278451276034
45,620196.8947815511,10264.20401817342
46,365006.8016133775,5258.303476538029
47,142157.3167514622,2691.0876594239044
48,636924.2798443894,7323.696046223397
49,56374.840133900696,699.3038245594789
50,516077.5121315129,10591.922045656513
51,63121.56997466128,315.01052308083837
52,843175.7427133813,17023.88882924785
53,330741.25302398123,5645.5940556546675
54,3673730.954224018,59625.89422495794
55,465059.9071144901,6114.504199100501
56,313011.5982141866,7903.352497232407
57,95311.48356285531,1567.184589907398
58,2067432.2708607356,33565.11879495296
59,1062599.235595301,19158.56922391841
60,30937.632563523428,465.33423780571104
61,181191.20971351772,1967.047689430254
62,1249551.7567795794,23632.39924543458
63,688582.6001507253,13057.087131587487
64,352487.3997164501,5765.987384353429
65,304447.11853954673,4887.466714165735
66,428266.89297386503,6169.381113810537
67,445828.7104778894,10163.352908625913
68,50956.84922546735,746.2898704930199
69,414011.0718653934,8306.21273988925
70,640103.1109125214,17251.31210049587
71,757357.9621124492,17164.733969404788
72,522520.5929941553,6948.9294732267235
73,305662.10937825666,7039.191651857585
74,582948.2507679351,8890.211513436567
75,104872.60772751304,1441.3128843867867
76,209960.3406629443,2188.5033827875504
77,304286.3163091583,5265.896240331271
78,84976.24190590001,1241.825205020159
79,916866.4199605602,24634.300221725935
80,192093.5095551457,3946.5655361752856
81,1888827.1503900029,50437.050235014925
82,918229.9133635674,12173.96556834964
83,103371.55801117096,1497.856114895423
84,1021653.1926974852,19051.781679826494
85,440521.2906514209,4990.1423967651135
86,165724.37513252473,2389.9187048178974
87,1035238.1817395131,25132.824784848635
88,137936.34914488412,2622.351671328569
89,553421.0244826355,9166.945074442421
90,118156.14826389385,1937.8648899234238
91,814214.5658735362,11938.026017411781
92,2798268.336649443,48323.494676524286
93,386569.7540921366,2135.4762370983008
94,19542.536830891426,228.72528232056052
95,621203.7035223054,10282.39460473678
96,366247.86651883833,5267.366334800508
97,142549.46765196725,2703.1976955889972
98,637564.4940798569,7331.365055193172
99,56442.40615925604,700.2366388422076
100,516432.6224141603,10607.983973236604
101,63328.31994712885,315.92156200653255
102,843864.3100151657,17054.386068750835
103,330901.24196606205,5655.567831130128
104,3675983.7447705287,59807.06560940499
105,466420.36709595536,6117.540552751109
106,314033.1305160308,7907.46972163831
107,95536.60883162812,1571.1954919542322
108,2072532.8626611428,33643.87726461701
109,1064062.8746831743,19201.06625621908
110,31032.145317409577,466.25266225557493
111,181464.48456162278,1969.183274210761
112,1252170.874812934,23656.675605694636
113,689637.4322767032,13068.80017025087
114,352958.2899651704,5777.461795367855
115,304593.13467862655,4895.776889056611
116,428952.5722249552,6214.405250683042
117,446194.1591598895,10173.823538811062
118,51180.49417200906,747.2063669466459
119,415279.86920022336,8316.622613807716
120,642297.9226767689,17283.407174162712
121,761997.5399491214,17192.10087699497
122,523860.0044782069,6958.235399413629
123,305920.998792,7047.217263708369
124,583565.1735698602,8906.895006304347
125,105012.59786345898,1443.8447724108332
126,210303.2048243712,2193.1468674674607
127,304538.33119993104,5273.176829210273
128,85337.04120936623,1244.1966430602959
129,921014.2324907485,24674.466605659236
130,192281.36297953414,3950.934677872048
131,1895486.3032170145,50506.02317381056
132,919300.7509023919,12195.318718790877
133,103487.27518187716,1497.720760971857
134,1023833.3504269052,19060.98698627853
135,440780.54775138194,5006.23440118742
136,166074.93157013477,2394.4957992607888
137,1039357.6083765746,25160.166118221317
138,138165.85685761223,2624.2135925043967
139,554219.360273247,9175.537549329827
140,118338.76390558115,1939.2224621793077
141,814804.6231167368,11955.495068310805
142,2801624.396710203,48412.8843301437
143,387017.70309583057,2141.314946628433
144,19672.33049038882,229.61370186954616
145,622457.826144145,10294.055767246826
146,366842.6261568132,5278.539811706154
147,142946.5838263242,2717.2715217876735
148,638424.6949615283,7340.978736378754
149,56506.86965717476,700.2425975284435
150,516794.5052006615,10625.960079864579
151,63390.36396384937,316.9888310914357
152,844540.3556186702,17081.042475479775
153,331082.4896978988,5665.233192454217
154,3678641.229952099,59980.32503319629
155,467922.64596975065,6121.421723477307
156,315219.5569076073,7915.1736450329745
157,95821.16384622526,1575.7283908423915
158,2077345.9823964317,33712.936445518164
159,1065649.260391221,19258.341757553266
160,31120.02636689626,467.6690645607497
161,181827.24744384232,1972.3414696764385
162,1254579.5429903618,23681.073321179905
163,690611.2600865341,13076.726939746199
164,353561.20788260875,5787.750114870739
165,304964.66693746555,4906.814961781037
166,429652.400977778,6250.364321711699
167,446778.63240595185,10184.437539315632
168,51397.88026408167,749.5286972201411
169,416566.6979091553,8325.514740139331
170,644597.6226656206,17315.723899417237
171,769629.1180472489,17208.1735808233
172,525491.0715499502,6972.081856262068
173,306152.4750678021,7057.493411932217
174,584194.3976836888,8930.418079661018
175,105173.8290092548,1445.7190397671375
176,210637.39179205935,2197.066310243869
177,304799.2738246514,5281.823764328868
178,85738.90735707717,1245.6530471421281
179,924959.9508547225,24718.83895043043
180,192515.49718523552,3955.9854012408505
181,1903531.2528585466,50571.0123098584
182,922066.6035477176,12228.345187092309
183,103597.71902674159,1497.7379778233394
184,1025745.6795396259,19069.883435494412
185,441255.51533501747,5029.345143503907
186,166426.88437945695,2397.388225265598
187,1043714.4456461428,25194.08891470465
188,138699.83198459397,2625.7075571960063
189,555194.7267766984,9189.66544846759
190,118517.56892272382,1940.6129578738717
191,816507.4051512943,11973.912067778527
192,2804409.691576252,48488.49993118011
193,387451.0972206842,2149.1566369649418
194,19798.705262174095,230.51113906250325
195,623466.8561028169,10312.567004681687
196,368088.4328247968,5287.602669968634
197,143346.7876592581,2729.381557952766
198,639066.755432787,7351.1902979904335
199,56574.089666798165,701.4406952872449
200,517148.48800214415,10642.02200744467
201,63604.78825040926,317.8998700171299
202,845228.8933693009,17111.53971498276
203,331242.4345553577,5675.206967929677
204,3680847.188228646,60161.49641764334
205,469281.59803026915,6124.293158469913
206,315949.8659320114,7919.618114865201
207,96046.3762497292,1579.8747743953445
208,2082457.7038354385,33792.136583854175
209,1067112.4422227812,19303.600937942636
210,31212.954681757543,468.5874890106136
211,182098.3842937914,1974.4770544569456
212,1257196.4976589032,23705.349681439962
213,691665.8237983169,13088.439978409584
214,354031.8510029848,5799.224525885165
215,305146.0190574674,4915.778628723046
216,430337.9594701127,6295.388458584204
217,447101.98530986893,10194.483572782096
218,51630.576632913464,750.3846189648121
219,417834.8444569989,8335.541663707138
220,646791.5673820699,17347.81897308408
221,773300.5690906806,17234.610325807596
222,526830.4830340018,6981.468697256309
223,306410.91724217596,7063.803882630644
224,584811.320485614,8945.879633707013
225,105313.81914520073,1448.3580839205813
226,210976.80130959154,2201.7097949237786
227,305051.19858056284,5289.104353207869
228,86093.49175104052,1248.027110631607
229,929116.2566424833,24758.160055042692
230,192703.35060962397,3960.1265909708836
231,1910551.9663374817,50637.99763332379
232,923098.8270431941,12250.134235798074
233,103705.7530543819,1497.6172488820473
234,1027926.3974751623,19078.48139027877
235,441514.77243497845,5045.437147926213
236,166776.99335433074,2401.9653197084895
237,1047557.857533891,25221.38807696779
238,138874.16243549564,2627.4622020119
239,555993.0625673098,9201.27300961456
240,118693.66032518241,1941.9325950025916
241,817038.0797505899,11991.381118677551
242,2807787.473133017,48587.30639550756
243,387898.2581874121,2154.995346495074
244,19928.06436429546,231.3995586114889
245,624712.8026546963,10324.03876697298
246,368669.1885850691,5298.776146874279
247,143740.9827509605,2743.4553841514416
248,639926.8086220929,7360.608580465693
249,56638.2352798294,701.5468845704498
250,517502.0392118119,10659.998114072645
251,63670.564666991144,318.96713910203306
252,845904.950104514,17138.1961217117
253,331423.68834156176,5684.872329253766
254,3683588.568282975,60334.75584143464
255,470784.0391961989,6128.013342315181
256,317493.05149130436,7927.555049783606
257,96331.01167963595,1584.5202612070827
258,2087185.8432173636,33858.0882176212
259,1068699.035553633,19359.313271776402
260,31301.881020674555,470.00389131578834
261,182461.75181454062,1977.635249922623
262,1259605.715748852,23729.74739692523
263,692639.6694152245,13096.366747904913
264,354634.80246597406,5809.512845388049
265,305491.3576679922,4926.820141553041
266,431037.80500319786,6331.347529612861
267,447705.95977045887,10204.681526984448
268,51842.740949536856,752.7461484858803
269,419121.670459585,8344.058437396578
270,649091.4057677621,17380.135698338603
271,781236.5591518692,17251.372621858052
272,528461.5501057451,6995.380754169878
273,306642.44870971434,7070.7101311505685
274,585440.5445994426,8970.09790259666
275,105475.05029099654,1450.163595322206
276,211293.26504457678,2205.629237700187
277,305312.1407600425,5297.7512883264635
278,86492.01246280462,1249.481894082791
279,933058.9501173059,24801.47223494011
280,192937.48481532536,3964.954878598378
281,1918715.7091173087,50701.02864458716
282,925985.4560458334,12283.193338170273
283,103812.71627775376,1497.6508667284381
284,1029838.5716009922,19086.790865742518
285,441989.740018614,5068.547890242699
286,167128.62748445006,2404.8577457132988
287,1051847.7704219744,25254.95142871189
288,139399.7404918707,2628.8561082232573
289,556968.4290707612,9211.40575985795
290,118869.01871452176,1943.3932575687074
291,818830.3780766834,12009.798118145272
292,2810623.449324031,48666.42183875186
293,388331.54395534843,2162.8370368315827
294,20054.36244799133,232.296995804446
295,625720.9506958273,10342.66187824338
296,369914.460761268,5307.839005136759
297,144142.24616361273,2755.565420316534
298,640568.8809082211,7370.442480827436
299,56705.163248391196,702.7828519045354
300,517856.4100972046,10676.060041652736
301,63886.80420486308,319.87817802772724
302,846593.4836619095,17168.693361214682
303,331583.6323675433,5694.846104729227
304,3685817.4620816694,60515.92722588169
305,472142.9737897958,6130.727628467595
306,318367.16621637606,7931.927091241398
307,96556.29829719829,1588.7602076447345
308,2092293.7671642131,33937.129672024894
309,1070162.123111527,19403.700176132446
310,31394.11973500467,470.92231576565223
311,182732.7176691357,1979.77083470313
312,1262222.5306333965,23754.02375718529
313,693694.231945654,13108.079786568298
314,355105.4410328296,5820.987256402475
315,305690.2110795106,4936.011973422246
316,431723.3611637993,6376.371666485366
317,448046.8575976399,10214.31989237914
318,52072.50423301388,753.5767035216262
319,420389.8131913595,8353.717455292683
320,651285.3283935199,17412.230772005445
321,785416.2867734707,17277.57619911399
322,529800.9615897967,7004.820779107663
323,306900.88407313195,7077.805613359562
324,586057.4674013678,8985.774360392035
325,105615.04042694248,1452.8467562362166
326,211633.8624012676,2210.2727223800966
327,305564.0647971782,5305.031877205465
328,86844.82918172133,1251.8569579510074
329,937216.3332248465,24840.936653301997
330,193125.3382397138,3968.879015325003
331,1925560.109316695,50766.084896258224
332,927029.8247849293,12304.955464415118
333,103919.17351242396,1497.5425626249196
334,1032019.3324152755,19094.821540968707
335,442248.997118575,5084.639894665005
336,167478.64652397402,2409.43484015619
337,1055818.2506731949,25282.25753406258
338,139596.53795471377,2630.5136550407346
339,557766.7648613726,9221.348828199069
340,119043.28933101616,1944.7230601306992
341,819383.4970767383,12027.267169044297
342,2813993.982815994,48766.52905084414
343,388778.6900227479,2168.675746361715
344,20183.702007741245,233.18541535343167
345,626968.4632294591,10354.067559538778
346,370498.2462462608,5319.012482042404
347,144536.0569083752,2769.63924651521
348,641428.9331523791,7379.869809988425
349,56769.040563101174,702.9033492411248
350,518212.8290717765,10694.036148280711
351,63953.46346825888,320.9454471126304
352,847269.5419766844,17195.349767943622
353,331764.8862679384,5704.511466053315
354,3688517.755664774,60689.18664967299
355,473645.41683562787,6134.294410011813
356,319723.2662711849,7939.812454328598
357,96841.00221812355,1593.4834471417953
358,2097050.9022967662,34004.06044636725
359,1071748.7592484867,19459.906152415097
360,31483.501018627703,472.338718070827
361,183096.13354838287,1982.9290301688075
362,1264631.78425548,23778.421472670558
363,694668.0776409348,13116.006556063627
364,355708.3931139202,5831.275575905359
365,306023.2145037097,4947.054687355508
366,432423.2070208949,6412.330737514023
367,448642.7042285989,10224.118388021574
368,52286.36064979625,755.954648406803
369,421676.6391780762,8361.873622533516
370,653585.1703052943,17444.54749725997
371,793192.4574060276,17294.56927922888
372,531432.02866154,7018.775953842004
373,307132.4163811789,7086.254248086826
374,586686.6915151965,9009.870364464554
375,105776.27157273829,1454.6239604378031
376,211956.3630898725,2214.192165156505
377,305825.0069731073,5313.678812324059
378,87242.4181186914,1253.3111238909657
379,941158.6430102675,24884.42857994052
380,193359.4724454152,3973.495502429742
381,1933665.9232049535,50827.21545765386
382,929878.4660982244,12338.012551203483
383,104025.42241621933,1497.5887622079242
384,1033931.494678251,19102.582770286957
385,442723.9647022105,5107.750636981492
386,167830.2932675336,2412.3272661609994
387,1060122.2638720854,25315.88006509604
388,140125.535120326,2631.813395323994
389,558742.131364824,9233.687119518405
390,119217.68583479183,1946.1687758457228
391,821141.9616192613,12045.684168512018
392,2816813.047578463,48846.127928668386
393,389211.97374199185,2176.5174366982237
394,20309.996642716163,234.08285254638875
395,627976.747721944,10372.729703153045
396,371743.69647607335,5328.075340304884
397,144937.45973722014,2781.7492826803023
398,642071.0055141157,7389.780149664492
399,56835.72204581337,704.1447225083406
400,518567.0663770031,10710.098075860802
401,64170.13237835695,321.8564860383246
402,847958.0749390702,17225.847007446606
403,331924.8302782375,5714.485241528776
404,3690735.417076557,60870.35803412004
405,475004.3512268976,6136.858951082181
406,320521.2759800408,7944.2005261690965
407,97066.35204499851,1597.7880076632725
408,2102160.12196823,34083.150423207975
409,1073211.8273697454,19504.568518279317
410,31575.439595883992,473.2571425206909
411,183367.08572690852,1985.0646149493145
412,1267248.590107999,23802.697832930615
413,695722.640166165,13127.719594727012
414,356179.03159687377,5842.749986919785
415,306230.09294414736,4956.326182372736
416,433108.76313647284,6457.3548743865285
417,448976.2895806018,10233.365339047225
418,52517.074390496746,756.7745806936691
419,422944.7818874742,8371.179188388027
420,655779.0923682243,17476.64257092681
421,797105.334567834,17320.709494242037
422,532771.4401455916,7028.250935692425
423,307390.85164087324,7092.9904344612605
424,587303.6143171217,9025.509026896794
425,105916.26170868422,1457.3252844617905
426,212296.55713996565,2218.8356498364146
427,306076.9310045112,5320.959401203061
428,87594.74259115956,1255.6865689349306
429,945316.1627694872,24923.868700025705
430,193547.32586980364,3977.212964009122
431,1940596.3017108284,50890.39945671597
432,930919.0148037318,12359.776340265
433,104131.55604946117,1497.489709641034
434,1036112.2587745171,19110.083594169617
435,442983.2218021715,5123.842641403798
436,168180.28421260806,2416.904360603891
437,1064050.739586936,25343.185027330856
438,140313.18449192887,2633.379684109099
439,559540.4671554355,9244.549079082602
440,119391.44830598205,1947.4970335857386
441,821686.5974819495,12063.153219411042
442,2820185.9996167063,48946.414813560725
443,389659.11952769133,2182.356146228356
444,20439.335323630963,234.97127209537442
445,629223.9171615482,10384.112329047308
446,372326.8914335109,5339.2488172105295
447,145331.2199108117,2795.823108878978
448,642931.0577522252,7399.195336701824
449,56899.37291380623,704.2672623389174
450,518922.4982544492,10728.074182488777
451,64237.000466778416,322.92375512322775
452,848634.133477981,17252.503414175546
453,332106.0841807864,5724.150602852865
454,3693455.83224829,61043.61745791134
455,476506.7942945053,6140.2795575726805
456,321972.3345874266,7952.097303514833
457,97351.11430083087,1602.5649427955552
458,2106907.363595741,34149.77455272127
459,1074798.4723321465,19560.61860412331
460,31665.01888656567,474.67354482586563
461,183730.50547382905,1988.222810414992
462,1269657.8460259615,23827.095548415884
463,696696.4858617906,13135.64636422234
464,356781.98368935334,5853.038306422669
465,306557.59648289,4967.369315667854
466,433808.60899982473,6493.313945415185
467,449575.5237756746,10242.780302519699
468,52730.382487464165,759.1593997969879
469,424231.60787409777,8378.988916051338
470,658078.9343698366,17508.959296181336
471,804965.4120531682,17337.77619391789
472,534402.5072173349,7042.234451046007
473,307622.38396172016,7100.733126750588
474,587932.8384309503,9049.62653381966
475,106077.49285448004,1459.0908344353509
476,212617.0030235147,2222.755092612823
477,306337.873180412,5329.606336321655
478,87992.07140455877,1257.1404995836988
479,949258.4238861639,24967.330151318612
480,193781.46007550502,3981.6277773128095
481,1948730.3643390944,50949.68554439449
482,933779.6043540313,12392.833551542222
483,104237.65835516808,1497.544996217852
484,1038024.4201294975,19117.33274976232
485,443458.189385807,5146.953383720284
486,168531.94510384742,2419.7967866087
487,1068344.1954385117,25376.79781503549
488,140840.78946870248,2634.5909834884187
489,560515.8336588868,9255.669790890812
490,119565.57636654585,1948.945506424333
491,823457.8499191791,12081.570218878764
492,2823010.707412692,49026.08046839354
493,390092.4032082009,2190.1978365648647
494,20565.62980351431,235.8687092883315
495,630232.1677212588,10402.78809089376
496,373572.316342478,5348.311675473009
497,145732.6410836042,2807.9331450440704
498,643573.1301144456,7409.100704797061
499,56965.84635976592,705.5094073104046
500,519276.78153854876,10744.136110068868
501,64453.7709388516,323.83479404892194
502,849322.6663559364,17283.00065367853
503,332266.0281907896,5734.124378328325
504,3695678.9945819583,61224.78884235839
505,477865.7286834314,6142.7014085056635
506,322808.73065383866,7956.481827392648
507,97576.51796409866,1606.9141254964582
508,2112016.141159043,34228.849244645295
509,1076261.5364461057,19605.193980273732
510,31756.826834190724,475.5919692757295
511,184001.45655855382,1990.358395195499
512,1272274.651294884,23851.37190867594
513,697751.0483869978,13147.359402885726
514,357252.622170761,5864.5127174370955
515,306767.9972113719,4976.668624851051
516,434494.16511453333,6538.338082287691
517,449912.15686361946,10251.651444844836
518,52960.7882354456,759.9748836237052
519,425499.75058336457,8387.954915665596
520,660272.8564184266,17541.054369848178
521,809018.3884659557,17363.8982655222
522,535741.9187013865,7051.7324094878495
523,307880.8192198349,7107.633761028007
524,588549.7612328755,9065.271843364753
525,106217.48299042597,1461.7996363103814
526,212957.33446453232,2227.3985772927326
527,306589.7972117702,5336.886925200657
528,88344.25845360501,1259.5160898676072
529,953415.9609788455,25006.77439108005
530,193969.31349989347,3985.1484454094093
531,1955618.8159452737,51011.05243647174
532,934821.3545715936,12414.597237902903
533,104343.72557646719,1497.452560924355
534,1040205.1844769702,19124.338681061246
535,443717.446485768,5163.04538814259
536,168881.92593875228,2424.3738810515915
537,1072292.3765311912,25404.10296547388
538,141032.16374923216,2636.071560476435
539,561314.1694494983,9266.024472155648
540,119739.19702444486,1950.2741474647592
541,824005.6920879903,12099.039269777788
542,2826382.8524264023,49126.392171560394
543,390539.54898857436,2196.036546094997
544,20694.968444907237,236.75712883731717
545,631479.4069627492,10414.162672848697
546,374155.6361650995,5359.485152378655
547,146126.3946031989,2822.006971242746
548,644433.1823525165,7418.512775914916
549,57029.30610425326,705.6322387097628
550,519632.5531791094,10762.112216696843
551,64520.68842190264,324.9020631338251
552,849998.7249266516,17309.65706040747
553,332447.2820933791,5743.789739652414
554,3698389.555455747,61398.04826614969
555,479368.1717512914,6145.982726692249
556,324210.490957166,7964.376078450391
557,97861.32990471392,1611.7281425794145
558,2116766.758503337,34295.56952071702
559,1077848.18322807,19661.293295735075
560,31846.49230412618,477.0083715809043
561,184364.87661480773,1993.5165906611765
562,1274683.9073611926,23875.76962416121
563,698724.8940826249,13155.286172381055
564,357855.5742634504,5874.801036939979
565,307093.12812504615,4987.711904565191
566,435194.010978006,6574.297153316347
567,450509.9791700152,10260.698167553057
568,53174.27401375054,762.3625814249773
569,426786.57656998764,8395.431814059386
570,662572.6984223278,17573.371095102702
571,816834.4139858733,17380.98793967486
572,537372.9857731299,7065.734552654355
573,308112.3515408768,7115.699559633579
574,589178.9853467041,9089.38556855724
575,106378.71413622178,1463.5603881749553
576,213278.47988174474,2231.318020069141
577,306850.7393876707,5345.533860319251
578,88741.51466866175,1260.969930863035
579,957358.2159221781,25050.24100934669
580,194203.44770559485,3989.371227449427
581,1963739.1032139498,51068.54837785339
582,937678.1860526348,12447.654441491299
583,104449.79779620105,1497.5142802687665
584,1042117.3457624519,19131.10954874888
585,444192.41406940354,5186.156130459077
586,169233.59279564893,2427.266307056401
587,1076587.887521346,25437.717357328507
588,141560.3355958037,2637.199792966756
589,562289.5359529497,9277.817354562758
590,119913.25016782442,1951.7220440840322
591,825772.1111831054,12117.45626924551
592,2829205.6772456076,49206.067050327656
593,390972.83266835153,2203.8782364315057
594,20821.262917816002,237.65456603027425
595,632487.6639870816,10432.843186043121
596,375401.0679940181,5368.548010641134
597,146527.81818963075,2834.1170074078386
598,645075.2547147401,7428.422444517489
599,57095.60396491886,706.8744938430793
600,519986.8206370813,10778.174144276934
601,64737.482917035915,325.8131020595193
602,850687.2577926266,17340.154299910453
603,332607.22610337683,5753.763515127875
604,3700610.0237812917,61579.219650596744
605,480727.1061401904,6148.2686100526835
606,325026.87112877436,7968.7613875895095
607,98086.77942130734,1616.1081411455098
608,2121875.686916306,34374.6489997597
609,1079311.2465158342,19705.896142911693
610,31938.243397393526,477.9267960307682
611,184635.8276120512,1995.6521754416835
612,1277300.7125924067,23900.045984421267
613,699779.4566078321,13166.99921104444
614,358326.21274482954,5886.2754479544055
615,307305.0331626955,4997.0209249868685
616,435879.56709269783,6619.321290188853
617,450845.34200484527,10269.208484649098
618,53404.77956581853,763.1762023819307
619,428054.7192792537,8404.071587713823
620,664766.6204705526,17605.466168769544
621,820813.8368430833,17407.104655367253
622,538712.3972571815,7075.247613223747
623,308370.7867989675,7122.524926929879
624,589795.9081486294,9105.029709067148
625,106518.70427216771,1466.2722687218816
626,213618.76456021226,2235.9615047490506
627,307102.66341902857,5352.814449198253
628,89093.66336406488,1263.345576487928
629,961515.7552135075,25089.684550633392
630,194391.3011299833,3992.704511260198
631,1970648.0002672412,51128.15168430198
632,938719.5583595886,12469.41813419511
633,104555.85138793688,1497.4265136075471
634,1044298.110129152,19137.65323969978
635,444451.67116936453,5202.248134881383
636,169583.569878004,2431.843401499292
637,1080529.6844737683,25465.0224767809
638,141750.1931723403,2638.599866374245
639,563087.8717435611,9288.452081241609
640,120086.83124844231,1953.0506230124683
641,826318.741489075,12134.925320144534
642,2832578.091548602,49306.382181652516
643,391419.97844862426,2209.716945961638
644,20950.601557431597,238.54298557925992
645,633734.8884439723,10444.214961499076
646,375984.36304379033,5379.72148754678
647,146921.5708337133,2848.1908336065144
648,645935.3069528106,7437.832607152071
649,57158.90239907749,706.9973668642756
650,520342.4753297034,10796.15025090491
651,64804.41208369347,326.88037114442244
652,851363.3163678547,17366.810706639393
653,332788.4800059671,5763.428876451963
654,3703325.410675022,61752.479074388044
655,482229.5492080533,6151.417202229507
656,326453.8277279234,7976.656197783968
657,98371.63367925496,1620.9477668474924
658,2126625.152447996,34441.33913647551
659,1080897.8936729422,19761.979911844042
660,32027.94637540487,479.34319833594293
661,184999.24769304533,1998.810370907361
662,1279709.9686683004,23924.443699906536
663,700753.3023034593,13174.925980539769
664,358929.1648375228,5896.563767457289
665,307629.1621958542,5008.064255822801
666,436579.41295617283,6655.280361217509
667,451443.75276641693,10277.901648331293
668,53618.20776703644,765.5651056878487
669,429341.54526587675,8411.228732448284
670,667066.462474512,17637.78289402407
671,828652.9901004004,17424.20142371908
672,540343.4643289248,7089.262000138752
673,308602.31912001234,7130.4428413936475
674,590425.132262458,9129.144099356794
675,106679.93541796353,1468.0310451789214
676,213939.67184196555,2239.880947525459
677,307363.60559492913,5361.461384316847
678,89490.89931683945,1264.7993833226144
679,965458.0093737877,25133.15029286017
680,194625.43533568468,3996.74444353969
681,1978775.0050224946,51183.910206638575
682,941577.5718630943,12502.475338258393
683,104661.91743319886,1497.4927548946432
684,1046210.2714093141,19143.97737616742
685,444926.63875300006,5225.358877197869
686,169935.23901417363,2434.7358275041015
687,1084823.5262650605,25498.6366045269
688,142278.13420154076,2639.650079492737
689,564063.2382470125,9299.873888651235
690,120260.8634839194,1954.4986276809977
691,828086.9874052997,12153.342319612255
692,2835401.5446826215,49386.05833452547
693,391853.2621283876,2217.5586362981467
694,21076.896030026706,239.440422772217
695,634743.1440476548,10462.897132420232
696,377229.7937406957,5388.784345809259
697,147322.9947377243,2860.300869771607
698,646577.3793150341,7447.743243852582
699,57225.05206383477,708.2396377233424
700,520696.7482350971,10812.212178485
701,65021.21226114451,327.7914100701166
702,852051.8492321296,17397.307946142377
703,332948.4240159647,5773.402651927424
704,3705547.1983575616,61933.650458835094
705,483588.48359695193,6153.573523861824
706,327280.40715635556,7981.041333123256
707,98597.12224986669,1625.349046703739
708,2131734.029390253,34520.417114560914
709,1082360.9567903678,19806.574083773357
710,32119.672723765863,480.2616227858068
711,185270.1986832921,2000.9459556878678
712,1282326.7738970777,23948.720060166594
713,701807.8648286664,13186.639019203154
714,359399.8033189014,5908.038178471716
715,307841.6981818163,5017.376666896311
716,437264.96907086426,6700.304498090015
717,451779.64502472937,10286.065526279506
718,53848.68097789934,766.3779465358115
719,430609.6879751428,8419.55509633389
720,669260.3845227275,17669.87796769091
721,832671.0293349302,17450.316531873963
722,541682.8758129764,7098.784987082877
723,308860.7543781027,7137.30265801003
724,591042.0550643832,9144.788445466229
725,106819.92555390946,1470.744193231791
726,214279.97244030336,2244.5244322053686
727,307615.52962628694,5368.741973195849
728,89843.03730769262,1267.175050034162
729,969615.5489440026,25172.59395257049
730,194813.28876007313,3999.899302383947
731,1985673.9319537247,51241.801872388205
732,942619.0630339641,12524.23903057043
733,104767.96822777222,1497.4082661236544
734,1048391.0357774859,19150.089324662757
735,445185.89585296105,5241.450881620175
736,170285.2146952131,2439.312921946993
737,1088768.381962574,25525.94172908085
738,142468.609347808,2640.9745410781975
739,564861.5740376239,9310.35401491842
740,120434.43351930189,1955.827221162698
741,828634.075749738,12170.81137051128
742,2838773.8691287213,49486.37393938314
743,392300.4079086584,2223.397345828279
744,21206.234669562375,240.32884232120267
745,635990.3715677235,10474.26792869966
746,377813.0939559813,5399.957822714905
747,147716.74726660972,2874.3746959702826
748,647437.4315531047,7457.1525688307065
749,57288.21435031197,708.3625166861124
750,521052.4431817072,10830.188285112976
751,65088.14419139524,328.8586791550198
752,852727.9078079981,17423.964352871317
753,333129.6779185549,5783.068013251513
754,3708260.2217680067,62106.909882626394
755,485090.9266648149,6156.595643153469
756,328694.3457810931,7988.936019565447
757,98882.01255017004,1630.2063575964012
758,2136483.887926558,34587.11669956334
759,1083947.60402482,19862.6627622414
760,32209.39202653862,481.6780250909816
761,185633.61876626496,2004.1041511535454
762,1284736.029973591,23973.117775651863
763,702781.7105242936,13194.565788698483
764,360002.7554115947,5918.326497974599
765,308165.4102447423,5028.420015581275
766,437964.8149343393,6736.2635691186715
767,452377.81052652973,10294.419227313845
768,54062.12783679395,768.7673546676872
769,431896.51396176586,8426.405049327668
770,671560.2265266884,17702.194692945435
771,840498.040290941,17467.415479404994
772,543313.9428847197,7112.807421608083
773,309092.2866991476,7145.288258304429
774,591671.2791782118,9168.902718784493
775,106981.15669970527,1472.5021564028184
776,214600.96078931427,2248.443874981777
777,307876.4718021875,5377.388908314443
778,90240.26760526355,1268.628843852532
779,973557.8030049573,25216.059843326344
780,195047.42296577452,4003.7651274150394
781,1993797.6609595777,51295.874149894764
782,945476.7047569064,12557.29623460438
783,104874.03300586218,1497.477678169529
784,1050303.1970572409,19155.996204534946
785,445660.8634365966,5264.561623936662
786,170636.88468722042,2442.205347951802
787,1093062.5203837159,25559.55590030992
788,142996.6443609515,2641.9514756314284
789,565836.9405410753,9321.980676057117
790,120608.45991979746,1957.275203571535
791,830401.6311964517,12189.228369979
792,2841597.112605612,49566.05026824881
793,392733.69158842147,2231.2390361647876
794,21332.52914214338,241.22627951415976
795,636998.6274599669,10492.950677995193
796,379058.5249284201,5409.0206809773845
797,148118.17121240677,2886.484732135375
798,648079.5039153283,7467.063838967052
799,57354.23893610204,709.6047897900513
800,521406.7142120747,10846.250212693067
801,65304.94571291881,329.769718080714
802,853416.440672032,17454.4615923743
803,333289.6219285525,5793.041788726973
804,3710481.363311856,62288.081267073445
805,486449.86105371354,6158.628507103353
806,329515.64458348026,7993.3211933713965
807,99107.53438372018,1634.6223342105577
808,2141592.782430897,34666.19514815923
809,1085410.6671071267,19907.259673781362
810,32301.107605093846,482.59644954084547
811,185904.56975595216,2006.2397359340525
812,1287352.835202211,23997.39413591192
813,703836.2730495008,13206.278827361868
814,360473.3938929733,5929.800908989026
815,308378.2075964886,5037.733610491417
816,438650.3710490308,6781.287705991177
817,452713.4821286435,10302.250478623258
818,54292.611527724184,769.5798688314935
819,433164.65667103184,8434.430316135491
820,673754.1485749036,17734.289766612277
821,844495.8055280331,17493.530100835953
822,544653.3543687713,7122.336932991561
823,309350.7219572379,7152.132307639641
824,592288.201980137,9184.54702873491
825,107121.1468356512,1475.2158262947705
826,214941.2559682161,2253.0873596616866
827,308128.3958335453,5384.669497193445
828,90592.4026084766,1271.004518598758
829,977715.3426105472,25255.503482958407
830,195235.27639016297,4006.7500922442514
831,2000701.4497719575,51352.10458988097
832,946518.1585416055,12579.059926940616
833,104980.08322638061,1497.3954868428327
834,1052483.9614255254,19161.70489626412
835,445920.1205365576,5280.653628358968
836,170986.85984435354,2446.7824423946936
837,1097006.407197897,25586.861024023947
838,143186.86804590924,2643.2049199079247
839,566635.2763316868,9332.546150221791
840,120782.0268726735,1958.6037945782348
841,830948.5464196163,12206.697420878025
842,2844969.4670353094,49666.36593851575
843,393180.8373686923,2237.07774569492
844,21461.867781675453,242.11469906314542
845,638245.8543377017,10504.321132643763
846,379641.82410771254,5420.19415788303
847,148511.9237261349,2900.5585583340508
848,648939.5561533988,7476.472754821349
849,57417.28631244728,709.7276696009891
850,521762.3953030874,10864.226319321042
851,65371.87829685873,330.83698716561713
852,854092.4992479914,17481.11799910324
853,333470.87583114277,5802.707150051062
854,3713195.544208865,62461.340690864745
855,487952.3041215765,6161.530112030752
856,330936.25885208516,8001.215907203354
857,99392.45538188024,1639.4918584119127
858,2146342.5068719275,34732.891771274466
859,1086997.3143575254,19963.3468018364
860,32390.83401294541,484.0128518460202
861,186267.98983908328,2009.39793139973
862,1289762.0912787644,24021.79185139719
863,704810.1187451279,13214.205596857197
864,361076.3459856667,5940.089228491909
865,308701.7478712722,5048.77696540832
866,439350.21691250586,6817.246777019834
867,453311.74985123804,10310.278251366115
868,54506.05234065646,771.969488367986
869,434451.4826576549,8440.985145796694
870,676053.9905788646,17766.6064918668
871,852329.1913177972,17510.629716017993
872,546284.4214405146,7136.364657075758
873,309582.2542782828,7160.086928468546
874,592917.4260939657,9208.661322625061
875,107282.37798144702,1476.9734546315283
876,215262.21672000817,2257.006802438095
877,308389.33800944587,5393.316432312039
878,90989.63132767922,1272.4583074575023
879,981657.596658903,25298.969348531748
880,195469.41059586435,4010.4501345373283
881,2008826.7761809477,51404.5402894791
882,949375.9172003857,12612.11713097638
883,105086.14774441192,1497.4671202030956
884,1054396.122705249,19167.22204947595
885,446395.0881201931,5303.764370675454
886,171338.53015666667,2449.674868399503
887,1101300.2810744836,25620.475188093926
888,143714.8647907824,2644.1130286298285
889,567610.6428351381,9344.059720878513
890,120956.05164474125,1960.0517812130586
891,832716.3628377754,12225.114420345746
892,2847792.7804709384,49746.04229169137
893,393614.12104845536,2244.9194360314286
894,21588.162254255825,243.0121362561025
895,639254.1101687709,10523.004083731854
896,380887.2550310507,5429.25701614551
897,148913.34767743008,2912.668594499143
898,649581.6285156225,7486.384297913319
899,57483.205330221215,710.9699430253866
900,522116.6669788471,10880.288246901133
901,65588.6801363038,331.7480260913113
902,854781.0321119908,17511.615238606224
903,333630.81984114036,5812.6809255265225
904,3715417.0021911077,62642.512075311795
905,489311.23851047514,6163.445334763797
906,331760.2616499292,8005.601072495578
907,99618.00554601246,1643.9179845372842
908,2151451.3953839904,34811.970072371645
909,1088460.3774325915,20007.942848217568
910,32482.544904123173,484.9312762958841
911,186538.9408287257,2011.5335161802368
912,1292378.8965073742,24046.068211657246
913,705864.6812703351,13225.918635520582
914,361546.9844670453,5951.563639506336
915,308914.6525458062,5058.090973651721
916,440035.77302719734,6862.270913892339
917,453647.5134197259,10317.790137841814
918,54736.53263555333,772.7818657271415
919,435719.6253669209,8448.72114449846
920,678247.9126270798,17798.701565533644
921,856337.6006132042,17536.744189414916
922,547623.8329245662,7145.898456863619
923,309840.68953637313,7166.938194409337
924,593534.3488958909,9224.305638934806
925,107422.36811739295,1479.6873393674653
926,215602.51374382238,2261.6502871180046
927,308641.2620408037,5400.597021191041
928,91341.76549704137,1274.8339852651936
929,985815.1362689801,25338.412991568
930,195657.2640202528,4013.273328416477
931,2015728.1941208178,51459.15843370794
932,950417.3827441266,12633.88082331112
933,105192.19784711844,1497.3865381292346
934,1056576.8870735422,19172.55409068729
935,446654.3452201541,5319.85637509776
936,171688.50511788443,2454.2519628423943
937,1105244.6431715146,25647.78031194624
938,143905.1908654575,2645.299770927231
939,568408.9786257496,9354.578078327731
940,121129.61773735078,1961.3803727753557
941,833263.3434942551,12242.58347124477
942,2851165.1248956593,49846.35797099332
943,394061.26682872616,2250.758145561561
944,21717.50089378774,243.90055580508817
945,640501.3371803167,10534.37441918675
946,381470.5544245318,5440.430493051155
947,149307.10018916387,2926.742420697819
948,650441.680753693,7495.793021188505
949,57546.15572115848,711.0928229574014
950,522472.35283901665,10898.264353529108
951,65655.61287486473,332.8152951762145
952,855457.0906879631,17538.271645335164
953,333812.0737437306,5822.346286850611
954,3718130.616223458,62815.771499103095
955,490813.6815783381,6166.232103123904
956,333177.4348146531,8013.49578026543
957,99902.95269003307,1648.7959431916192
958,2156201.165579045,34878.667623992784
959,1090047.0246862776,20064.030465887234
960,32572.274404341213,486.3476786010589
961,186902.36091186944,2014.6917116459144
962,1294788.1525839302,24070.465927142515
963,706838.5269659623,13233.84540501591
964,362149.93655973865,5961.851959009219
965,309238.12255535065,5069.134330744489
966,440735.6188906724,6898.229984920996
967,454245.7385381432,10325.504977035545
968,54949.975407660975,775.17157379298
969,437006.45135354396,8454.992445112834
970,680547.7546310407,17831.018290788168
971,864167.6395493236,17553.844008882097
972,549254.8999963095,7159.929657686079
973,310072.221857418,7174.906994384355
974,594163.5730097195,9248.419929206957
975,107583.59926318876,1481.4448298511354
976,215923.48389037186,2265.569729894413
977,308902.20421670424,5409.243956309635
978,91738.99377572116,1276.2877722341648
979,989757.3903157377,25381.878861410933
980,195891.39822595418,4016.8155144659086
981,2023852.7415639986,51510.00575942189
982,953275.1046231729,12666.93802734677
983,105298.26231177853,1497.4597271539058
984,1058489.0483532636,19177.707230791948
985,447129.3128037896,5342.967117414247
986,172040.17555000036,2457.1443888472036
987,1109538.5593356253,25681.3944771949
988,144433.20319235954,2646.143235983678
989,569384.345129201,9366.154081126506
990,121303.64205495661,1962.828358548923
991,835031.061275046,12261.000470712492
992,2853988.4149873406,49926.034327526875
993,394494.55050848925,2258.5998358980696
994,21843.795366368082,244.79799299804526
995,641509.5930240542,10553.057440679475
996,382715.9853590204,5449.493351313635
997,149708.52414118245,2938.8524568629114
998,651083.7531159166,7505.704698481123
999,57611.98563837237,712.3350964275447
1000,522826.6242926294,10914.326281109199
1001,65872.41478950968,333.72633410190866
1002,856145.6235519577,17568.768884838148
1003,333972.0177537282,5832.320062326072
1004,3720351.9192339303,62996.942883550146
1005,492172.61596723675,6168.0352270743815
1006,334000.04237932863,8017.880947441974
1007,100128.52698377978,1653.229078521234
1008,2161310.0561357047,34957.74597132846
1009,1091510.0877598508,20108.62678548231
1010,32663.98325541649,487.26610305092277
1011,187173.3119015083,2016.8272964264215
1012,1297404.9578125393,24094.742287402572
1013,707893.0894911694,13245.558443679296
1014,362620.57504111726,5973.326370023646
1015,309451.07102202205,5078.448483302043
1016,441421.1750053639,6943.254121793501
1017,454581.46377635066,10332.710231735202
1018,55180.456803031935,775.9838938628176
1019,438274.59406280995,8462.450539964459
1020,682741.6766792559,17863.11336445501
1021,868170.4606040416,17579.958437151632
1022,550594.3114803612,7169.4662761700965
1023,310330.65711550834,7181.754957320936
1024,594780.4958116447,9264.06424439828
1025,107723.5893991347,1484.158803039508
1026,216263.7802861342,2270.2132145743226
1027,309154.12824806204,5416.524545188637
1028,92091.1277123554,1278.6634512083704
1029,993914.929926384,25421.32250387002
1030,196079.25165034263,4019.484672075578
1031,2030755.3156482265,51563.05909670731
1032,954316.566468352,12688.701719681603
1033,105404.31239030679,1497.3802720331091
1034,1060669.8127215574,19182.68747229529
1035,447388.5699037506,5359.059121836553
1036,172390.15043795214,2461.721483290095
1037,1113482.7746379361,25708.699601024447
1038,144623.48757611113,2647.26732941308
1039,570182.6809198124,9376.698449584086
1040,121477.20790748279,1964.1569500132305
1041,835578.0172001992,12278.469521611516
1042,2857360.7627505385,50026.35000807684
1043,394941.69628876005,2264.438545428202
1044,21973.134005899985,245.68641254703093
1045,642756.8200076241,10564.427734548164
1046,383299.28470925824,5460.66682821928
1047,150102.27665265385,2952.926283061587
1048,651943.8053539871,7515.11332997026
1049,57674.85417256472,712.4579763768435
1050,523182.3085112346,10932.302387737174
1051,65939.34756464403,334.7936031868118
1052,856821.6821279317,17595.425291567088
1053,334153.27165631845,5841.985423650161
1054,3723065.8108812016,63170.202307341446
1055,493675.0590350997,6170.712569165927
1056,335418.98296804965,8025.775656553535
1057,100413.49639665228,1658.1128619687404
1058,2166059.8107192414,35024.44323187742
1059,1093096.7350142149,20164.714248533506
1060,32753.71410153521,488.6825053560975
1061,187536.73198465307,2019.9854918920992
1062,1299814.2138890955,24119.14000288784
1063,708866.9351867966,13253.485213174625
1064,363223.5271338106,5983.614689526529
1065,309774.51244165894,5089.491841154509
1066,442121.02086883894,6979.213192822158
1067,455179.70665158477,10340.124614022534
1068,55393.89894027487,778.3736390018537
1069,439561.420049433,8468.449450321868
1070,685041.5186832169,17895.430089709535
1071,876002.2566729354,17597.058319083866
1072,552225.3785521045,7183.499762194211
1073,310562.1894365532,7189.717267571832
1074,595409.7199254733,9288.178535306732
1075,107884.82054493051,1485.9162367683132
1076,216584.747234483,2274.132657350731
1077,309415.0704239626,5425.171480307231
1078,92488.3558680852,1280.1172374572784
1079,997857.1839729389,25464.788372989064
1080,196313.385856044,4022.8765493898773
1081,2038880.2429502658,51612.36483275238
1082,957174.299915698,12721.758923717261
1083,105510.37684401363,1497.4545504167108
1084,1062581.9740012786,19187.5006163061
1085,447863.53748738614,5382.169864153039
1086,172741.82091487214,2464.6139092949043
1087,1117776.6487700986,25742.31376607905
1088,145151.49355834117,2648.0500788428058
1089,571158.0474232638,9388.239986419914
1090,121651.23209825727,1965.6049359518393
1091,837345.7722621969,12296.886521079237
1092,2860184.060631667,50106.026365074234
1093,395374.97996852314,2272.2802357647106
1094,22099.428478480328,246.583849739988
1095,643765.0758487044,10583.110780604793
1096,384544.7156416528,5469.72968648176
1097,150503.70060476763,2965.0363192266796
1098,652585.8777162108,7525.025070293676
1099,57740.60888793158,713.7002498535171
1100,523536.58004131133,10948.364315317265
1101,66156.14949707645,335.704642112506
1102,857510.2149919257,17625.92253107007
1103,334313.21566631604,5851.959199125621
1104,3725287.189787172,63351.373691788496
1105,495033.99342399836,6172.40887564723
1106,336242.3066562446,8030.160823313028
1107,100639.09124198153,1662.5508378215175
1108,2171168.7005782737,35103.521564718045
1109,1094559.7980874802,20209.31048184865
1110,32845.42206469007,489.6009298059614
1111,187807.68297429165,2022.121076672606
1112,1302431.0191177046,24143.4163631479
1113,709921.4977120038,13265.19825183801
1114,363694.16561518924,5995.089100540956
1115,309987.4786954826,5098.806044098947
1116,442806.5769835304,7024.2373296946635
1117,455515.4478653094,10347.035462337539
1118,55624.37997904061,779.1859350807968
1119,440829.562758699,8475.640559120397
1120,687235.440731432,17927.525163376376
1121,880008.0116118051,17623.172733580453
1122,553564.7900361561,7193.038233359861
1123,310820.62469464354,7196.566742276888
1124,596026.6427273985,9303.822850694753
1125,108024.81068087644,1488.630246373034
1126,216925.0438440493,2278.7761420306406
1127,309666.9944553204,5432.452069186233
1128,92840.48973976505,1282.4929168759627
1129,1002014.7235836573,25504.232015546007
1130,196501.23928043246,4025.3990355959
1131,2045782.2532463646,51663.89945316528
1132,958215.7629241827,12743.522616052089
1133,105616.42691757985,1497.3758844324211
1134,1064762.7383695724,19192.152269293867
1135,448122.79458734713,5398.261868575345
1136,173091.7957754246,2469.1910037377957
1137,1121720.9380079403,25769.61888991234
1138,145341.7949177535,2649.115330230112
1139,571956.3832138752,9398.769995375787
1140,121824.79788378095,1966.933527437449
1141,837892.7375348592,12314.355571978262
1142,2863556.4072808763,50206.34204579659
1143,395822.12574879394,2278.118945294843
1144,22228.76711801223,247.47226928897368
1145,645012.3028381118,10594.481059964219
1146,385128.0150007847,5480.903163387406
1147,150897.45311620447,2979.1101454253553
1148,653445.9299542813,7534.433658221401
1149,57803.40833413609,713.8231298052832
1150,523892.26482494996,10966.34042194524
1151,66223.08228086172,336.77191119740917
1152,858186.2735679001,17652.57893779901
1153,334494.4695689063,5861.62456044971
1154,3728000.945475986,63524.633115579796
1155,496536.43649186136,6174.981946873372
1156,337660.33719548944,8038.055532127632
1157,100924.07962159498,1667.438643843525
1158,2175918.460488544,35170.218916513615
1159,1096146.445341984,20265.39799372778
1160,32935.153496589504,491.01733211113617
1161,188171.1030574365,2025.2792721382834
1162,1304840.2751942605,24167.814078633168
1163,710895.3434076309,13273.125021333339
1164,364297.1177078826,6005.377420043839
1165,310310.908526837,5109.849402216658
1166,443506.4228470055,7060.19640072332
1167,456113.6833397541,10354.161366918162
1168,55837.82232200949,781.5756957448767
1169,442116.38874532207,8481.377780409548
1170,689535.282735393,17959.8418886309
1171,887838.8851678213,17640.272634606506
1172,555195.8571078994,7207.073221408633
1173,311052.1570156884,7204.532022841993
1174,596655.8668412272,9327.937141491297
1175,108186.04182667226,1490.3876567355528
1176,217246.01188114236,2282.695584807049
1177,309927.936631221,5441.099004304827
1178,93237.71786117948,1283.9467028505042
1179,1005956.9776301866,25547.697884787784
1180,196735.37348613385,4028.6477908180004
1181,2053906.9953120938,51711.7090057671
1182,961073.4927329608,12776.579820087747
1183,105722.49136903879,1497.4509256108906
1184,1066674.8996492936,19196.647849619323
1185,448597.76217098266,5421.372610891832
1186,173443.4662691001,2472.083429742605
1187,1126014.8180722995,25803.23305499889
1188,145869.8034833995,2649.8410533866186
1189,572931.7497173266,9410.330559311486
1190,121998.82203915933,1968.3815133426951
1191,839660.4785059661,12332.772571445983
1192,2866379.702562809,50286.018402858055
1193,396255.40942855703,2285.9606356313516
1194,22355.061590592573,248.36970648193073
1195,646020.5586797455,10613.164114591094
1196,386373.4459336353,5489.966021649885
1197,151298.87706833074,2991.2201815904477
1198,654088.002316505,7544.345428608856
1199,57869.09957832168,715.0654032828891
1200,524246.53632870753,10982.402349525331
1201,66439.88421750152,337.68295012310335
1202,858874.806431894,17683.076177301995
1203,334654.4135789039,5871.59833592517
1204,3730222.2872130796,63705.80450002685
1205,497895.37088076,6176.576468380216
1206,338483.29197293404,8042.44069897943
1207,101149.69197103914,1671.879962538609
1208,2181027.35058561,35249.29725389821
1209,1097609.5084151858,20309.994254289802
1210,33026.86107329189,491.93575656100006
1211,188442.05404707504,2027.4148569187905
1212,1307457.0804228697,24192.090438893225
1213,711949.9059328381,13284.838059996724
1214,364767.7561892612,6016.851831058266
1215,310523.88198097475,5119.163622753537
1216,444191.97896169696,7105.220537595826
1217,456449.4178951098,10360.78954681425
1218,56068.30347633205,782.3879817772172
1219,443384.53145458805,8488.312392032843
1220,691729.2047836082,17991.936962297743
1221,891843.099787171,17666.387044897077
1222,556535.268591951,7216.612910310795
1223,311310.59227377875,7211.380805618194
1224,597272.7896431524,9343.581456844724
1225,108326.03196261819,1493.101681333082
1226,217586.30841792468,2287.3390694869586
1227,310179.8606625788,5448.379593183829
1228,93589.85171473055,1286.3223824385489
1229,1010114.5172409142,25587.14152732813
1230,196923.2269105223,4031.0306183532407
1231,2060809.2805367098,51761.769641834166
1232,962114.955375552,12798.343512422574
1233,105828.54144158667,1497.3728121946058
1234,1068855.6640175874,19200.9925938459
1235,448857.01927094365,5437.4646153141375
1236,173793.44111940605,2476.6605241854963
1237,1129959.0851123414,25830.538178831568
1238,146060.09793068244,2650.8510382379354
1239,573730.085507938,9420.86849549903
1240,122172.38780598393,1969.7101048244429
1241,840207.4402456224,12350.241622345007
1242,2869752.049583736,50386.334083604226
1243,396702.55520882783,2291.799345161484
1244,22484.400230124476,249.25812603091643
1245,647267.7856679335,10624.534388888294
1246,386956.74529096426,5501.139498555531
1247,151692.62957976304,3005.2940077891235
1248,654948.0545545755,7553.753995832665
1249,57931.84071350893,715.1882832350072
1250,524602.2209178591,11000.378456153307
1251,66506.81700333305,338.7502192080065
1252,859550.8650078683,17709.732584030935
1253,334835.66748149414,5881.263697249259
1254,3732936.1094858586,63879.06392381815
1255,499397.8139486229,6179.050181257448
1256,339901.7902908829,8050.335407859759
1257,101434.69650493229,1676.770546531463
1258,2185777.1086783702,35315.99457708938
1259,1099196.1556697185,20366.081750749257
1260,33116.59276014256,493.3521588661748
1261,188805.4741302199,2030.573052384468
1262,1309866.3364994256,24216.488154378494
1263,712923.7516284653,13292.764829492053
1264,365370.7082819546,6027.140150561149
1265,310847.3071285551,5130.206980963859
1266,444891.824825172,7141.179608624482
1267,457047.6564540985,10367.63847527785
1268,56281.74575263607,784.7777489426783
1269,444671.3574412111,8493.798205032985
1270,694029.0467875692,18024.253687552267
1271,899674.4576719879,17683.48695175859
1272,558166.3356636943,7230.64888561514
1273,311542.12459482363,7219.34472668537
1274,597902.013756981,9367.695747660951
1275,108487.263108414,1494.8590820755742
1276,217907.27608438305,2291.258512263367
1277,310440.80283847934,5457.026528302423
1278,93987.07982656757,1287.776168308548
1279,1014056.7712874401,25630.607396549098
1280,197157.36111622368,4034.1430945143993
1281,2068934.1129320175,51808.12707981624
1282,964972.6863287659,12831.400716458233
1283,105934.60589258427,1497.4483874919442
1284,1070767.8252973086,19205.19156283939
1285,449331.9868545792,5460.575357630624
1286,174145.11161934765,2479.5529501903056
1287,1134252.9584809456,25864.152343912858
1288,146588.10544441623,2651.523200293078
1289,574705.4520113894,9432.418555433142
1290,122346.41195148397,1971.1580907361274
1291,841975.1865425548,12368.658621812729
1292,2872575.3457329725,50466.01044067453
1293,397135.8388885909,2299.6410354979926
1294,22610.69470270482,250.15556322387351
1295,648276.0415094516,10643.217446505298
1296,388202.1762237264,5510.20235681801
1297,152094.053531891,3017.404043954216
1298,655590.1269167991,7563.665780484792
1299,57997.47838732344,716.4305567127462
1300,524956.4924306759,11016.440383733398
1301,66723.61894096804,339.6612581337007
1302,860239.3978718622,17740.22982353392
1303,334995.6114914917,5891.23747272472
1304,3735157.4694259474,64060.2353082652
1305,500756.74833752157,6180.547713188466
1306,340724.93463064195,8054.720574691126
1307,101660.32376291395,1681.214173777569
1308,2190885.998694218,35395.07291304952
1309,1100659.2187429075,20410.67800270682
1310,33208.30016864798,494.2705833160387
1311,189076.42511985844,2032.708637164975
1312,1312483.1417280347,24240.76451463855
1313,713978.3141536724,13304.477868155438
1314,365841.3467633332,6038.614561575576
1315,311060.2834901425,5139.52120764309
1316,445577.3809398635,7186.203745496988
1317,457383.39378456795,10373.995256728733
1318,56512.2268695128,785.5900307678296
1319,445939.5001504771,8500.486396290347
1320,696222.9688357844,18056.34876121911
1321,903679.4809750145,17709.601360764333
1322,559505.7471477459,7240.189374915056
1323,311800.55985291395,7226.193826153941
1324,598518.9365589062,9383.340063020463
1325,108627.25324435993,1497.5731128457242
1326,218247.5726459428,2295.9019969432766
1327,310692.72686983715,5464.3071171814245
1328,94339.2136750589,1290.1518479611243
1329,1018214.310898169,25670.05103909226
1330,197345.21454061213,4036.392940815126
1331,2075836.2640890898,51856.75714650523
1332,966014.1490864413,12853.16440879306
1333,106040.65596492313,1497.3706609899332
1334,1072948.5896656024,19209.249647663
1335,449591.2439545402,5476.66736205293
1336,174495.0864658217,2484.130044633197
1337,1138197.2370367043,25891.457467745637
1338,146778.4027061718,2652.481276850742
1339,575503.7878020009,9442.952115354487
1340,122519.97771309003,1972.4866822186946
1341,842522.1496175542,12386.127672711753
1342,2875947.692629864,50566.32612142398
1343,397582.9846688617,2305.479745028125
1344,22740.033342236722,251.04398277285918
1345,649523.2684978942,10654.587719036306
1346,388785.47558142507,5521.375833723656
1347,152487.8060433227,3031.4778701528917
1348,656450.1791548696,7573.074337873233
1349,58060.17030737447,716.5534366649147
1350,525312.1770867708,11034.416490361373
1351,66790.55172728359,340.72852721860386
1352,860915.4564478365,17766.88623026286
1353,335176.865394082,5900.9028340488085
1354,3737871.259090057,64233.4947320565
1355,502259.19140538445,6182.926748789739
1356,342143.1922162743,8062.615283556908
1357,101945.34205566817,1686.1066762238963
1358,2195635.7574071228,35461.77024520773
1359,1102245.8659974462,20466.765504035753
1360,33298.0319664619,495.68698562121347
1361,189439.8452030033,2035.8668326306524
1362,1314892.3978045906,24265.16223012382
1363,714952.1598492996,13312.404637650767
1364,366444.29885602655,6048.902881078459
1365,311383.70674860006,5150.564565885745
1366,446277.22680333856,7222.162816525644
1367,457981.63105796254,10380.578252097268
1368,56725.66916741936,787.9798006558567
1369,447226.3261371002,8505.730677887579
1370,698522.8108397453,18088.665486473634
1371,911510.5845822025,17726.70126940913
1372,561136.8142194892,7254.225999125904
1373,312032.09217395884,7234.158369456507
1374,599148.1606727348,9407.454353833227
1375,108788.48439015575,1499.330509627599
1376,218568.54043857413,2299.821439719685
1377,310953.6690457377,5472.954052300019
1378,94736.44178422286,1291.6056337912896
1379,1022156.5649446945,25713.516908316757
1380,197579.3487463135,4039.37565376387
1381,2083961.0524356216,51901.70524068095
1382,968871.8796796968,12886.221612828718
1383,106146.72041582607,1497.4466102821862
1384,1074860.7509453236,19213.171575274544
1385,450066.2115381757,5499.778104369417
1386,174846.7569681066,2487.0224706380063
1387,1142491.1112196636,25925.071632827792
1388,147306.41064822194,2653.103132417008
1389,576479.1543054522,9454.507974072967
1390,122694.00185583321,1973.9346681290858
1391,844289.8939015254,12404.544672179474
1392,2878770.988489697,50646.00247849552
1393,398016.2683486248,2313.3214353646335
1394,22866.327814817065,251.94141996581627
1395,650531.5243394363,10673.270777696553
1396,390030.906514206,5530.438691986135
1397,152889.22999545082,3043.587906317984
1398,657092.2515170933,7582.986129305677
1399,58125.762767209984,717.7957101426726
1400,525666.4485964694,11050.478417941464
1401,67007.35366515398,341.63956614429804
1402,861603.9893118304,17797.383469765842
1403,335336.80940407957,5910.876609524269
1404,3740092.610115455,64414.66611650355
1405,503618.1257942832,6184.3318606178045
1406,342966.23897931376,8067.0004503927985
1407,102170.98201149207,1690.5518977443742
1408,2200744.6474506827,35540.84858161441
1409,1103708.9290706324,20511.361758710573
1410,33389.73930176241,496.60541007107736
1411,189710.79619264184,2038.0024174111595
1412,1317509.2030331998,24289.438590383877
1413,716006.7223745068,13324.117676314152
1414,366914.93733740516,6060.377292092886
1415,311596.6842820227,5159.87879470956
1416,446962.78291803005,7267.18695339815
1417,458317.3672318039,10386.67445574345
1418,56956.15029643029,788.7920807191749
1419,448494.46884636616,8512.182129708372
1420,700716.7328879605,18120.760560140476
1421,915515.1833179358,17752.815678022333
1422,562476.2257035408,7263.767014513817
1423,312290.52743204916,7241.007323976567
1424,599765.0834746601,9423.098669191668
1425,108928.47452610168,1502.0445429390504
1426,218908.83699169903,2304.4649243995946
1427,311205.5930770955,5480.23464117902
1428,95088.57563130201,1293.9813134684546
1429,1026314.1045554234,25752.960550859443
1430,197767.20217070196,4041.498877001141
1431,2090863.2689700746,51948.94687420833
1432,969913.3424011746,12907.985305163545
1433,106252.77048812206,1497.3691547008298
1434,1077041.5153136174,19216.96191403255
1435,450325.4686381367,5515.8701087917225
1436,175196.7318131476,2491.5995650808977
1437,1146435.386426227,25952.376756660553
1438,147496.70676398388,2654.012454861505
1439,577277.4900960637,9465.04394993302
1440,122867.56761598289,1975.2632596115016
1441,844836.8564718155,12422.013723078499
1442,2882143.3354279776,50746.31815924542
1443,398463.4141288956,2319.160144894766
1444,22995.666454348968,252.8298395148019
1445,651778.7513278257,10684.641049611344
1446,390614.2058718295,5541.612168891781
1447,153282.98250688243,3057.66173251666
1448,657952.3037551638,7592.394682021064
1449,58188.413149147855,717.9185900948484
1450,526022.133229522,11068.454524569439
1451,67074.286451584,342.7068352292012
1452,862280.0478878047,17824.039876494782
1453,335518.0633066698,5920.541970848358
1454,3742806.415749255,64587.92554029485
1455,505120.5688621461,6186.620679476534
1456,344384.6203503056,8074.8951592618
1457,102456.01202289054,1695.4457250655594
1458,2205494.4059519907,35607.5459109616
1459,1105295.5763251723,20567.44925850174
1460,33479.471147871234,498.0218123762521
1461,190074.2162757867,2041.160612876837
1462,1319918.4591097557,24313.836305869147
1463,716980.5680701339,13332.04444580948
1464,367517.8894300985,6070.665611595769
1465,311920.1067797266,5170.922152963505
1466,447662.6287815051,7303.146024426806
1467,458915.60504101584,10393.002120754227
1468,57169.592587336614,791.1818517473235
1469,449781.2948329892,8517.194368763088
1470,703016.5748919215,18153.077285395
1471,923346.4204235086,17769.915587212072
1472,564107.2927752841,7277.80406524001
1473,312522.05975309404,7248.971582485114
1474,600394.3075884887,9447.212960005041
1475,109089.70567189749,1503.8019380903174
1476,219229.80474137806,2308.384367176003
1477,311466.5352529961,5488.881576297615
1478,95485.80373971991,1295.4350992834418
1479,1030256.358601949,25796.426420083342
1480,198001.33637640334,4044.358031046706
1481,2098988.0787967755,51992.527135612814
1482,972771.0731076476,12941.042509199204
1483,106358.83493900555,1497.4453658672226
1484,1078953.6765933386,19220.62507901758
1485,450800.4362217722,5538.980851108209
1486,175548.40231630887,2494.491991085707
1487,1150729.2595396282,25985.990921742567
1488,148024.71453163266,2654.5870607865463
1489,578252.8565995151,9476.596607404826
1490,123041.59175795667,1976.7112455221436
1491,846604.6015166101,12440.43072254622
1492,2884966.6313843797,50825.99451631712
1493,398896.6978086587,2327.0018352312745
1494,23121.96092692931,253.72727670775902
1495,652787.007169363,10703.324108635574
1496,391859.6368046067,5550.6750271542605
1497,153684.4064590106,3069.7717686817523
1498,658594.3761173874,7602.306476674394
1499,58253.96744789065,719.1608635726091
